Code_Name,EN_Name,Rarity,E2_Mat_1,E2_Mat_1_Qty,E2_Mat_2,E2_Mat_2_Qty,S1M1_Mat_1,S1M1_Mat_1_Qty,S1M1_Mat_2,S1M1_Mat_2_Qty,S1M2_Mat_1,S1M2_Mat_1_Qty,S1M2_Mat_2,S1M2_Mat_2_Qty,S1M3_Mat_1,S1M3_Mat_1_Qty,S1M3_Mat_2,S1M3_Mat_2_Qty,S2M1_Mat_1,S2M1_Mat_1_Qty,S2M1_Mat_2,S2M1_Mat_2_Qty,S2M2_Mat_1,S2M2_Mat_1_Qty,S2M2_Mat_2,S2M2_Mat_2_Qty,S2M3_Mat_1,S2M3_Mat_1_Qty,S2M3_Mat_2,S2M3_Mat_2_Qty,S3M1_Mat_1,S3M1_Mat_1_Qty,S3M1_Mat_2,S3M1_Mat_2_Qty,S3M2_Mat_1,S3M2_Mat_1_Qty,S3M2_Mat_2,S3M2_Mat_2_Qty,S3M3_Mat_1,S3M3_Mat_1_Qty,S3M3_Mat_2,S3M3_Mat_2_Qty
char_141_nights,Haze,4,30013,19,30103,8,30064,1,30043,2,30084,2,30064,2,30115,2,30024,2,30074,1,30053,4,30094,2,30074,3,30125,2,30014,2,,,,,,,,,,,,
char_109_fmout,Gitano,4,30023,17,30013,14,30074,1,30053,4,30094,2,30074,3,30125,2,30014,2,30084,1,30063,3,30104,2,30084,2,30135,2,30034,2,,,,,,,,,,,,
char_253_greyy,Greyy,4,30083,15,30053,9,30034,1,30013,5,30054,2,30034,2,30135,2,30054,2,30044,1,30023,4,30064,1,30044,2,30115,2,30094,2,,,,,,,,,,,,
char_4051_akkord,Akkord,4,30083,14,31043,9,31074,1,30013,5,31014,2,30044,2,30165,2,31044,1,31094,1,30093,3,30014,2,31054,3,30115,2,31074,2,,,,,,,,,,,,
char_328_cammou,Click,4,30083,15,30043,9,30074,1,30053,4,31024,2,30104,2,30125,2,31014,2,30054,1,31013,3,30064,1,30044,2,30125,2,30014,2,,,,,,,,,,,,
char_469_indigo,Indigo,4,30043,14,30103,7,30074,1,30053,4,30064,1,30044,2,30135,2,30054,2,30084,1,31033,4,30074,2,30054,2,30145,2,30094,2,,,,,,,,,,,,
char_4004_pudd,Pudding,4,30103,11,31054,3,31034,1,30063,2,30064,2,30044,1,30135,2,30104,2,31054,1,31013,4,30074,2,30054,2,30145,2,31054,2,,,,,,,,,,,,
char_235_jesica,Jessica,4,30073,20,30043,7,30024,1,30103,3,30044,2,30024,2,30125,2,30044,2,30034,1,30013,5,30054,2,30034,2,30135,2,30054,2,,,,,,,,,,,,
char_126_shotst,Meteor,4,30043,14,30033,12,30094,1,30073,4,30014,2,30094,3,30115,2,30064,2,30104,1,30083,3,30024,2,30104,2,30125,2,30044,2,,,,,,,,,,,,
char_190_clour,Vermeil,4,30033,18,30023,12,30094,1,30073,4,30014,2,30094,3,30135,2,30014,3,30104,1,30083,3,30024,2,30104,2,30115,2,30074,2,,,,,,,,,,,,
char_133_mm,May,4,30043,14,30033,12,30084,1,30063,3,30104,2,30084,2,30135,2,30034,2,30094,1,30073,4,30014,2,30094,3,30115,2,30064,2,,,,,,,,,,,,
char_118_yuki,ShiraYuki,4,30053,15,30043,9,30104,1,30083,3,30024,2,30104,2,30125,2,30044,2,30014,1,30093,4,30034,2,30014,3,30135,2,30054,2,,,,,,,,,,,,
char_440_pinecn,Pinecone,4,31023,16,30093,8,30044,1,31023,3,30044,2,31024,2,30125,2,30064,1,30064,1,30043,2,30054,2,31014,2,30115,2,30044,2,,,,,,,,,,,,
char_302_glaze,Ambriel,4,30043,16,30103,6,30084,1,30063,3,31024,2,30104,2,30115,2,30074,2,30094,1,30073,4,31014,2,30014,3,30135,2,30044,2,,,,,,,,,,,,
char_366_acdrop,Aciddrop,4,30103,10,30063,8,30094,1,30073,4,30054,2,31014,2,30125,2,31014,2,30074,1,30053,4,31024,2,30104,2,30125,2,30014,2,,,,,,,,,,,,
char_4062_totter,Totter,4,30013,24,31013,6,30064,1,31063,2,30044,2,31024,2,30135,2,31044,2,30014,1,30023,5,30074,2,30104,2,30145,2,31054,2,,,,,,,,,,,,
char_4100_caper,Caper,4,30063,11,31083,7,30104,1,30023,4,31044,2,31034,2,30145,2,30074,2,31054,1,30093,3,30084,2,30014,3,30155,2,31034,1,,,,,,,,,,,,
char_198_blackd,Courier,4,30063,11,30053,10,30014,1,30093,4,30034,2,30014,3,30135,2,30054,2,30024,1,30103,3,30044,2,30024,2,30115,2,30094,2,,,,,,,,,,,,
char_149_scave,Scavenger,4,30073,20,30063,6,30024,1,30103,3,30044,2,30024,2,30115,2,30094,2,30034,1,30013,5,30054,2,30034,2,30125,2,30084,2,,,,,,,,,,,,
char_290_vigna,Vigna,4,30043,16,30013,11,30094,1,30073,4,30014,2,30094,3,30125,2,30014,2,30104,1,30083,3,30024,2,30104,2,30135,2,30034,2,,,,,,,,,,,,
char_151_myrtle,Myrtle,4,30093,12,30063,8,30044,1,30023,4,30064,1,30044,2,30115,2,30094,2,30054,1,30033,4,30074,2,30054,2,30125,2,30084,2,,,,,,,,,,,,
char_452_bstalk,Beanstalk,4,31013,13,30083,10,30094,1,30073,4,31014,2,30014,3,30135,2,31014,2,30014,1,30093,4,31024,2,30104,2,30145,2,30014,2,,,,,,,,,,,,
char_4208_wintim,Снегурочка,4,31083,13,30103,6,31064,1,30083,4,31084,2,31024,2,30135,2,31034,2,30044,1,31073,3,31044,2,30054,2,30155,2,31064,1,,,,,,,,,,,,
char_130_doberm,Dobermann,4,30083,15,30073,11,30034,1,30013,5,30054,2,30034,2,30125,2,30084,2,30044,1,30023,4,30064,1,30044,2,30135,2,30074,2,,,,,,,,,,,,
char_289_gyuki,Matoimaru,4,30053,16,30023,10,30104,1,30083,3,30024,2,30104,2,30135,2,30034,2,30014,1,30093,4,30034,2,30014,3,30115,2,30064,2,,,,,,,,,,,,
char_159_peacok,Conviction,4,30063,11,31013,9,30084,1,30063,3,30054,2,31014,2,30125,2,30104,2,30094,1,30073,4,31024,2,30104,2,30125,2,30014,2,,,,,,,,,,,,
char_193_frostl,Frostleaf,4,30093,15,30083,7,30044,1,30023,4,30064,1,30044,2,30135,2,30074,2,30054,1,30033,4,30074,2,30054,2,30115,2,30104,2,,,,,,,,,,,,
char_127_estell,Estelle,4,30103,12,30093,8,30054,1,30033,4,30074,2,30054,2,30115,2,30104,2,30064,1,30043,2,30084,2,30064,2,30125,2,30024,2,,,,,,,,,,,,
char_185_frncat,Mousse,4,30013,20,30093,8,30064,1,30043,2,30084,2,30064,2,30125,2,30024,2,30074,1,30053,4,30094,2,30074,3,30135,2,30014,2,,,,,,,,,,,,
char_301_cutter,Cutter,4,31013,12,30083,11,30054,1,31013,3,30014,2,30094,3,30115,2,31024,2,31024,1,30103,3,30104,2,30084,2,30135,2,31014,2,,,,,,,,,,,,
char_337_utage,Utage,4,30053,14,30013,14,30104,1,30083,3,30044,2,31024,2,30115,2,30084,2,31024,1,30103,3,30054,2,31014,2,30125,2,30094,2,,,,,,,,,,,,
char_271_spikes,Arene,4,30013,21,30063,7,30074,1,30053,4,31024,2,30104,2,30135,2,31014,2,30054,1,31013,3,30014,2,30094,3,30115,2,31014,2,,,,,,,,,,,,
char_4067_lolxh,Luo Xiaohei,4,30083,15,30043,9,31014,1,30013,6,30104,2,30084,2,30135,2,31014,2,31024,1,31053,3,31034,2,31014,2,30145,2,30014,2,,,,,,,,,,,,
char_4063_quartz,Quartz,4,30043,15,31023,9,31064,1,31013,3,30094,2,30074,3,30155,2,30064,1,30094,1,31043,3,30084,2,31054,2,30115,2,31014,2,,,,,,,,,,,,
char_491_humus,Humus,4,30103,11,30023,12,31034,1,30083,4,31054,2,30044,2,30125,2,30104,2,31014,1,31053,4,31044,2,30054,2,30135,2,31034,2,,,,,,,,,,,,
char_445_wscoot,Windscoot,4,30073,17,31063,8,30014,1,30073,5,30104,2,31074,2,30165,2,31014,1,31024,1,31083,3,31034,2,30094,2,30115,2,31094,2,,,,,,,,,,,,
char_237_gravel,Gravel,4,30033,18,30013,13,30084,1,30063,3,30104,2,30084,2,30115,2,30074,2,30094,1,30073,4,30014,2,30094,3,30125,2,30034,2,,,,,,,,,,,,
char_272_strong,Jaye,4,30093,14,30053,8,30104,1,30083,3,30064,1,30044,2,30115,2,31014,2,30084,1,30063,3,30044,2,31024,2,30115,2,30064,2,,,,,,,,,,,,
char_236_rope,Rope,4,30043,15,30023,11,30094,1,30073,4,30014,2,30094,3,30125,2,30034,2,30104,1,30083,3,30024,2,30104,2,30135,2,30044,2,,,,,,,,,,,,
char_117_myrrh,Myrrh,4,30053,14,30033,12,30104,1,30083,3,30024,2,30104,2,30135,2,30044,2,30014,1,30093,4,30034,2,30014,3,30115,2,30084,2,,,,,,,,,,,,
char_187_ccheal,Gavial,4,30063,13,30043,6,30014,1,30093,4,30034,2,30014,3,30115,2,30084,2,30024,1,30103,3,30044,2,30024,2,30125,2,30094,2,,,,,,,,,,,,
char_298_susuro,Sussurro,4,30103,10,30073,13,30064,1,30043,2,30084,2,30064,2,30135,2,30074,2,30074,1,30053,4,30094,2,30074,3,30115,2,30104,2,,,,,,,,,,,,
char_181_flower,Perfumer,4,30073,19,30053,8,30024,1,30103,3,30044,2,30024,2,30125,2,30094,2,30034,1,30013,5,30054,2,30034,2,30135,2,30064,2,,,,,,,,,,,,
char_385_finlpp,Purestream,4,30063,11,31013,9,31014,1,30013,6,30094,2,30074,3,30135,2,30064,2,30044,1,31023,3,30104,2,30084,2,30125,2,30054,2,,,,,,,,,,,,
char_4041_chnut,Chestnut,4,30073,20,31023,8,31044,1,30103,3,30084,2,31054,2,30125,2,31044,2,30014,1,30093,4,30094,2,30074,3,30115,2,31024,2,,,,,,,,,,,,
char_199_yak,Matterhorn,4,30083,14,30063,7,30034,1,30013,5,30054,2,30034,2,30135,2,30064,2,30044,1,30023,4,30064,1,30044,2,30115,2,30034,2,,,,,,,,,,,,
char_150_snakek,Cuora,4,30093,14,30073,10,30044,1,30023,4,30064,1,30044,2,30115,2,30034,2,30054,1,30033,4,30074,2,30054,2,30125,2,30054,2,,,,,,,,,,,,
char_381_bubble,Bubble,4,31013,16,30073,8,30084,1,30063,3,30044,2,31024,2,30125,2,30104,2,30064,1,30043,2,31014,2,30014,3,30135,2,31024,2,,,,,,,,,,,,
char_4130_luton,Lutonada,4,31043,14,30063,7,30094,1,31033,4,30104,2,31084,2,30115,2,31024,2,31074,1,30103,3,30064,2,30104,1,30135,2,31064,2,,,,,,,,,,,,
char_196_sunbr,Гум,4,30103,13,30083,7,30054,1,30033,4,30074,2,30054,2,30125,2,30054,2,30064,1,30043,2,30084,2,30064,2,30135,2,30024,2,,,,,,,,,,,,
char_260_durnar,Dur-nar,4,30013,19,30103,8,30054,1,30033,4,30074,2,30054,2,30125,2,30084,2,30064,1,30043,2,30084,2,30064,2,30135,2,30074,2,,,,,,,,,,,,
char_110_deepcl,Deepcolor,4,30013,20,30083,9,30064,1,30043,2,30084,2,30064,2,30135,2,30024,2,30074,1,30053,4,30094,2,30074,3,30125,2,30104,2,,,,,,,,,,,,
char_183_skgoat,Earthspirit,4,30023,20,30093,7,30074,1,30053,4,30094,2,30074,3,30125,2,30104,2,30084,1,30063,3,30104,2,30084,2,30115,2,30024,2,,,,,,,,,,,,
char_258_podego,Podenco,4,31023,19,30093,5,30064,1,30043,2,31014,2,30014,3,30125,2,31024,2,30044,1,31023,3,30054,2,31014,2,30135,2,31024,2,,,,,,,,,,,,
char_484_robrta,Roberta,4,31043,14,30063,7,30094,1,30073,4,30044,2,31024,2,30125,2,30084,2,30104,1,30083,3,30054,2,31044,2,30115,2,30074,2,,,,,,,,,,,,
char_355_ethan,Ethan,4,30023,17,30013,14,30074,1,30053,4,30094,2,30074,3,30115,2,30104,2,30084,1,30063,3,30104,2,30084,2,30125,2,30024,2,,,,,,,,,,,,
char_277_sqrrel,Shaw,4,30063,12,30033,11,30014,1,30093,4,30034,2,30014,3,30115,2,30064,2,30024,1,30103,3,30044,2,30024,2,30125,2,30044,2,,,,,,,,,,,,
char_4107_vrdant,Verdant,4,30043,15,31073,9,31034,1,30033,4,31054,2,31024,2,30125,2,30094,2,31044,1,31083,3,31084,2,31014,3,30135,2,31024,2,,,,,,,,,,,,
char_4165_ctrail,Contrail,4,30063,13,30033,8,31054,1,30063,3,31074,2,31064,3,30115,2,31084,2,31014,1,30073,5,30094,2,30044,2,30135,2,31044,2,,,,,,,,,,,,
char_128_plosis,Ptilopsis,5,30014,9,30093,10,30064,2,30043,3,30084,3,30064,4,30115,4,30024,4,30074,3,30053,5,30094,3,30074,6,30125,4,30014,4,,,,,,,,,,,,
char_275_breeze,Breeze,5,30064,5,30073,18,30104,3,30083,2,30024,3,30104,5,30115,4,30074,5,30014,3,30093,4,30034,3,30014,6,30125,4,30034,4,,,,,,,,,,,,
char_4163_rosesa,Rose Salt,5,31034,7,31053,11,31054,3,30013,5,31064,3,31074,6,30155,4,30094,1,31014,3,30093,4,30044,3,30094,5,30145,4,30104,1,,,,,,,,,,,,
char_115_headbr,Зима,5,30024,7,30103,11,30074,3,30053,5,30094,3,30074,6,30125,4,30014,4,30084,3,30063,2,30104,3,30084,5,30135,4,30034,4,,,,,,,,,,,,
char_102_texas,Texas,5,30034,8,30013,16,30084,3,30063,2,30104,3,30084,5,30135,4,30034,4,30094,3,30073,4,30014,3,30094,6,30115,4,30064,3,,,,,,,,,,,,
char_349_chiave,Chiave,5,30084,7,30093,13,31014,3,30013,6,30084,3,30064,4,30135,4,30044,3,30044,3,31023,1,30104,3,30084,5,30125,4,30094,4,,,,,,,,,,,,
char_488_buildr,Poncirus,5,31024,8,30013,18,30014,3,30063,4,31014,3,30054,5,30115,4,31034,3,31014,3,31043,4,30044,3,31054,5,30135,4,30014,5,,,,,,,,,,,,
char_4023_rfalcn,Kestrel,5,31044,7,30033,18,31074,3,31083,2,30014,3,30054,5,30135,4,31014,4,30054,3,30063,2,31044,3,31034,5,30145,4,30014,3,,,,,,,,,,,,
char_4199_makiri,Matsukiri,5,31064,7,31023,17,31074,3,31093,3,30044,3,31014,5,30115,4,30014,5,31094,3,31053,3,31054,3,30014,7,30135,4,31024,4,,,,,,,,,,,,
char_261_sddrag,Reed,5,30014,9,30083,12,30074,3,30053,5,30094,3,30074,6,30125,4,30054,3,30084,3,30063,2,30104,3,30084,5,30135,4,30024,4,,,,,,,,,,,,
char_496_wildmn,Wild Mane,5,31054,8,30053,11,31044,3,31023,4,30084,3,31054,5,30115,4,31024,4,30014,3,30093,4,30094,3,30074,6,30135,4,31014,4,,,,,,,,,,,,
char_1036_fang2,Fang the Fire-sharpened,5,30014,6,30103,12,30064,2,31053,3,30044,3,31014,5,30125,4,31084,4,31064,3,31013,2,31054,3,31044,6,30145,4,30084,3,,,,,,,,,,,,
char_401_elysm,Elysium,5,31024,7,30053,16,31014,3,30013,6,31024,3,30104,5,30135,4,30054,4,30064,2,30043,3,30054,3,31014,6,30115,4,30094,4,,,,,,,,,,,,
char_4119_wanqin,Wanqing,5,31054,9,31013,9,31054,3,30083,4,30104,3,31024,5,30115,4,31044,4,30104,3,31023,2,31014,3,31074,6,30125,4,30104,3,,,,,,,,,,,,
char_476_blkngt,Blacknight,5,31024,8,30073,15,30054,3,31013,2,31044,3,31014,6,30135,4,30054,4,30064,2,30043,3,30014,2,30094,7,30145,4,30094,3,,,,,,,,,,,,
char_4147_mitm,Mitm,5,31034,6,30043,12,30044,3,31013,1,31034,3,31044,5,30125,4,30064,3,30064,2,30073,4,31064,3,31074,6,30115,4,30094,4,,,,,,,,,,,,
char_497_ctable,Cantabile,5,31024,7,30073,18,30054,3,31013,2,31044,3,31014,6,30145,4,30094,3,30064,2,30043,3,30014,2,30094,7,30125,4,30084,3,,,,,,,,,,,,
char_4017_puzzle,Puzzle,5,30064,5,31043,13,30014,3,31063,5,30074,3,31034,5,30115,4,30104,4,31014,3,31053,4,30104,3,31024,5,30125,4,30094,4,,,,,,,,,,,,
char_4144_chilc,Chilchuck,5,31044,9,30103,7,30094,3,31043,3,31044,3,30014,7,30145,4,31024,1,30104,3,30023,3,30064,3,31024,4,30115,4,30054,4,,,,,,,,,,,,
char_4052_surfer,Surfer,5,30044,6,30063,11,31064,3,31023,4,31024,3,31084,5,30115,4,31044,4,30044,3,30033,1,30054,3,31044,5,30135,4,31074,4,,,,,,,,,,,,
char_308_swire,Swire,5,30024,7,30033,17,30084,3,30063,2,30104,3,30084,5,30125,4,30024,4,30094,3,30073,4,30014,3,30094,6,30135,4,30014,5,,,,,,,,,,,,
char_265_sophia,Whislash,5,30054,7,31013,12,30104,3,30083,2,30044,3,31024,5,30135,4,30064,3,31014,3,30013,6,30064,2,30044,5,30115,4,30084,4,,,,,,,,,,,,
char_4106_bryota,Bryophyta,5,31044,7,30053,15,31034,3,31053,1,30094,3,31014,6,30145,4,30064,2,31054,3,30053,4,30074,3,31034,5,30155,4,30104,3,,,,,,,,,,,,
char_4125_rdoc,Doc,5,31014,8,30063,11,31084,3,30053,3,31064,3,31084,5,30125,4,30094,4,31054,3,30093,3,30064,3,31064,4,30135,4,31064,4,,,,,,,,,,,,
char_106_franka,Franka,5,30044,6,30023,18,30094,3,30073,4,30014,3,30094,6,30115,4,30064,3,30104,3,30083,2,30024,3,30104,5,30125,4,30044,3,,,,,,,,,,,,
char_131_flameb,Flamebringer,5,30074,9,30083,13,30024,3,30103,3,30044,3,30024,5,30135,4,30044,3,30034,3,30013,4,30054,3,30034,5,30115,4,30084,4,,,,,,,,,,,,
char_154_morgan,Morgan,5,31054,8,31063,11,30064,2,30073,4,30054,3,30074,6,30145,4,30014,3,31044,3,30063,3,31054,3,31014,6,30155,4,31034,2,,,,,,,,,,,,
char_4142_laios,Laios,5,30044,7,31063,10,31054,3,31063,3,30084,3,30064,4,30125,4,31014,4,31074,3,30103,2,31084,3,31014,6,30155,4,30014,2,,,,,,,,,,,,
char_155_tiger,Indra,5,30054,7,30033,16,30104,3,30083,2,30024,3,30104,5,30125,4,30044,3,30014,3,30093,4,30034,3,30014,6,30135,4,30054,4,,,,,,,,,,,,
char_415_flint,Flint,5,30014,8,30093,15,30014,3,30093,4,30054,3,31014,6,30125,4,30054,3,31024,3,30103,3,30074,3,30054,5,30125,4,30094,4,,,,,,,,,,,,
char_157_dagda,Dagda,5,31024,7,30013,21,31024,3,31063,3,31044,3,30064,4,30125,4,30044,3,30064,2,30033,4,31024,3,31014,6,30155,4,30014,3,,,,,,,,,,,,
char_140_whitew,Lappland,5,30064,6,30043,10,30014,3,30093,4,30034,3,30014,6,30135,4,30054,4,30024,3,30103,3,30044,3,30024,5,30115,4,30094,4,,,,,,,,,,,,
char_294_ayer,Ayerscarpe,5,30044,6,31013,12,30084,3,30063,2,30054,3,31014,6,30115,4,30074,5,30104,3,30083,2,30074,3,30054,5,30115,4,30084,4,,,,,,,,,,,,
char_194_leto,Лето,5,30044,7,31023,10,31054,3,31023,4,30104,3,30084,5,30115,4,30074,5,30084,3,30053,3,31054,3,30074,6,30135,4,30014,5,,,,,,,,,,,,
char_4083_chimes,Wind Chimes,5,31054,7,31023,16,31044,3,30013,5,31064,3,30054,5,30125,4,30044,3,31024,3,30083,3,31034,3,31044,5,30135,4,31014,4,,,,,,,,,,,,
char_252_bibeak,Bibeak,5,30084,8,30103,8,31014,3,30013,6,30084,3,30064,4,30125,4,31014,4,30044,3,31023,1,30014,3,30094,6,30135,4,30054,4,,,,,,,,,,,,
char_459_tachak,Tachanka,5,30104,7,31013,12,31014,3,30013,6,30044,3,31024,5,30135,4,30014,5,31034,3,31013,1,30054,3,31014,6,30145,4,30074,3,,,,,,,,,,,,
char_143_ghost,Specter,5,30074,8,30053,15,30024,3,30103,3,30044,3,30024,5,30115,4,30094,4,30034,3,30013,4,30054,3,30034,5,30125,4,30084,3,,,,,,,,,,,,
char_356_broca,Broca,5,30024,7,30093,13,30094,3,30073,4,30014,3,30094,6,30125,4,30104,3,30104,3,30083,2,30024,3,30104,5,30115,4,30024,4,,,,,,,,,,,,
char_4126_fuze,Fuze,5,31024,8,30023,16,31044,3,30103,3,31044,3,30104,5,30145,4,30064,2,31064,3,30073,3,31074,3,30074,6,30155,4,31074,3,,,,,,,,,,,,
char_4166_varkis,Varkáris,5,31024,7,31053,14,31034,3,31073,1,30014,3,30054,5,30115,4,31084,4,31064,3,30043,4,31024,3,31084,5,30135,4,31044,4,,,,,,,,,,,,
char_274_astesi,Astesia,5,30034,7,30043,14,30034,3,30013,4,30054,3,30034,5,30125,4,30084,3,30044,3,30023,1,30064,2,30044,5,30135,4,30074,5,,,,,,,,,,,,
char_333_sidero,Sideroca,5,31014,9,30043,13,31024,3,30103,3,30094,3,30074,6,30115,4,31014,5,30054,3,31013,2,30104,3,30084,5,30115,4,31024,4,,,,,,,,,,,,
char_475_akafyu,Akafuyu,5,31014,8,30053,15,30014,3,30093,4,31024,3,30104,5,30115,4,31014,5,31014,3,30013,6,30044,3,31024,5,30125,4,31034,3,,,,,,,,,,,,
char_1030_noirc2,Rathalos S Noir Corne,5,31064,8,31033,11,31054,3,30033,4,31024,3,30044,5,30145,4,31064,3,30084,3,30053,3,30014,3,30074,6,30155,4,30084,3,,,,,,,,,,,,
char_421_crow,La Pluma,5,30054,7,30083,13,30054,3,31013,2,30094,3,30074,6,30115,4,30044,4,30064,2,30043,3,30104,3,30084,5,30135,4,30054,4,,,,,,,,,,,,
char_4066_highmo,Highmore,5,30014,9,31043,13,30094,3,30073,4,30044,3,31024,5,30145,4,31044,3,30104,3,30083,2,30054,3,31044,5,30125,4,31054,4,,,,,,,,,,,,
char_486_takila,Tequila,5,30064,5,30093,11,30074,3,30053,5,31034,3,31014,5,30145,4,30094,3,30084,3,30063,2,30014,3,30094,6,30125,4,30084,3,,,,,,,,,,,,
char_4131_odda,Odda,5,30084,7,31073,13,30014,3,31033,6,31024,3,30014,7,30145,4,30044,2,30044,3,31043,1,30074,3,30094,6,30155,4,31034,2,,,,,,,,,,,,
char_4187_graceb,Gracebearer,5,31074,7,30083,14,31074,3,30093,3,31084,3,31014,6,30115,4,31094,4,30094,3,31023,3,31044,3,31094,6,30135,4,30104,4,,,,,,,,,,,,
char_4185_amoris,Yūtenji Nyamu,5,31044,7,30103,12,31054,3,31073,3,31084,3,31074,5,30135,4,31094,4,31014,3,30043,4,31044,3,31094,6,30155,4,30104,1,,,,,,,,,,,,
char_394_hadiya,Hadiya,5,31094,8,30053,14,30104,3,31033,2,31014,3,31024,6,30135,4,30054,4,31034,3,30053,1,30014,3,30054,5,30155,4,31084,1,,,,,,,,,,,,
char_1049_catap2,Zinogre S Catapult,5,31094,8,30083,12,31024,3,31013,3,31094,3,31034,5,30165,4,31044,1,30054,3,31093,2,31024,3,31064,6,30115,4,31074,4,,,,,,,,,,,,
char_129_bluep,Blue Poison,5,30084,8,30063,8,30044,3,30023,1,30064,2,30044,5,30135,4,30074,5,30054,3,30033,3,30074,3,30054,5,30115,4,30104,4,,,,,,,,,,,,
char_204_platnm,Platinum,5,30094,8,30073,15,30054,3,30033,3,30074,3,30054,5,30115,4,30104,4,30064,2,30043,3,30084,3,30064,4,30125,4,30024,4,,,,,,,,,,,,
char_367_swllow,GreyThroat,5,30044,7,30063,9,30064,2,30043,3,30084,3,30064,4,30125,4,30014,4,30074,3,30053,5,30094,3,30074,6,30115,4,30064,3,,,,,,,,,,,,
char_365_aprl,April,5,31014,9,30103,9,30074,3,30053,5,30014,3,30094,6,30135,4,30044,3,30094,3,30073,4,31024,3,30104,5,30135,4,30014,5,,,,,,,,,,,,
char_1021_kroos2,Kroos the Keen Glint,5,31034,7,30043,10,31024,3,30103,3,31034,3,31014,5,30125,4,30064,3,30044,3,31043,1,31054,3,30064,4,30115,4,30044,4,,,,,,,,,,,,
char_498_inside,Insider,5,31014,9,30023,15,30044,3,31033,1,30064,3,31044,4,30155,4,30094,3,31044,3,30103,3,31034,3,30014,6,30115,4,30074,5,,,,,,,,,,,,
char_219_meteo,Meteorite,5,30104,7,30083,14,30064,2,30043,3,30084,3,30064,4,30125,4,30024,4,30074,3,30053,5,30094,3,30074,6,30135,4,30014,5,,,,,,,,,,,,
char_379_sesa,Sesa,5,30094,8,30013,18,30054,3,31013,2,30104,3,30084,5,30135,4,31024,4,30014,3,30093,4,30094,3,30074,6,30125,4,30084,3,,,,,,,,,,,,
char_4078_bdhkgt,Jieyun,5,30054,7,30103,11,31034,3,31043,1,31044,3,30014,7,30155,4,30054,3,30044,3,31033,1,30064,3,30094,4,30115,4,31024,4,,,,,,,,,,,,
char_279_excu,Executor,5,30084,8,30093,9,30044,3,30023,1,30064,2,30044,5,30125,4,30094,4,30054,3,30033,3,30074,3,30054,5,30135,4,30064,3,,,,,,,,,,,,
char_346_aosta,Aosta,5,30044,7,31023,10,30094,3,30073,4,31024,3,30104,5,30125,4,30094,4,30014,3,30093,4,30054,3,31014,6,30135,4,30044,3,,,,,,,,,,,,
char_4203_kichi,Kichisei,5,30054,6,30093,14,31084,3,30053,2,31034,3,30044,4,30145,4,31054,1,31044,3,31013,3,31064,3,31054,6,30165,4,31014,1,,,,,,,,,,,,
char_4213_skybx,Skybox,5,30104,7,31093,13,31014,3,30073,5,31044,3,31094,6,30155,4,30104,1,30014,3,31083,4,31074,3,30104,5,30145,4,31034,1,,,,,,,,,,,,
char_002_amiya,Amiya,5,30014,10,30073,10,30074,3,30053,5,30094,3,30074,6,30135,4,30014,5,30084,3,30063,2,30104,3,30084,5,30115,4,30074,5,30094,3,30073,4,30014,3,30094,6,30125,4,30034,4
char_405_absin,Absinthe,5,30014,10,31023,10,30044,3,31023,1,30014,3,30094,6,30125,4,30084,3,30064,2,30043,3,30074,3,30054,5,30115,4,30104,4,,,,,,,,,,,,
char_411_tomimi,Tomimi,5,30104,8,30013,14,31014,3,30013,6,30084,3,30064,4,30125,4,30104,3,30044,3,31023,1,30064,2,30044,5,30135,4,30064,3,,,,,,,,,,,,
char_466_qanik,Qanipalaat,5,30044,7,30083,12,31034,3,30063,1,30014,3,31044,5,30115,4,30094,4,30074,3,31023,5,30054,3,31054,5,30135,4,30064,3,,,,,,,,,,,,
char_166_skfire,Skyfire,5,30034,7,30093,13,30094,3,30073,4,30014,3,30094,6,30125,4,30034,4,30104,3,30083,2,30024,3,30104,5,30135,4,30044,3,,,,,,,,,,,,
char_306_leizi,Leizi,5,30104,7,31013,13,30064,2,30043,3,30064,2,30044,5,30125,4,30044,3,30074,3,30053,5,30074,3,30054,5,30115,4,30104,4,,,,,,,,,,,,
char_135_halo,Astgenne,5,30104,7,31013,10,30014,3,30093,4,30094,3,30074,6,30145,4,30014,3,31014,3,30013,6,30104,3,30084,5,30125,4,30064,3,,,,,,,,,,,,
char_344_beewax,Beeswax,5,30064,5,30073,18,30104,3,30083,2,30074,3,30054,5,30115,4,30084,4,31014,3,30013,6,30094,3,30074,6,30135,4,30064,3,,,,,,,,,,,,
char_373_lionhd,Leonhardt,5,30054,7,30073,15,30074,3,30053,5,30044,3,31024,5,30135,4,30014,5,30094,3,30073,4,30064,2,30044,5,30115,4,30074,5,,,,,,,,,,,,
char_341_sntlla,Santalla,5,30074,8,30033,17,30104,3,31063,2,31044,3,30074,6,30125,4,30084,3,31054,3,30043,4,31044,3,30104,5,30135,4,30044,3,,,,,,,,,,,,
char_4031_liesel,Ripresa,5,30014,8,31073,14,31024,3,31013,3,31094,3,31034,5,30165,4,31044,1,30054,3,31093,2,31024,3,31064,6,30115,4,31074,4,,,,,,,,,,,,
char_388_mint,Mint,5,31024,9,30013,14,30084,3,30063,2,31014,3,30014,7,30115,4,30084,4,30104,3,30083,2,30044,3,31024,5,30115,4,30074,5,,,,,,,,,,,,
char_338_iris,Iris,5,30044,6,30063,11,31024,3,30054,4,30074,3,30103,4,30135,4,30054,5,30044,3,31023,1,30084,3,30064,4,30145,4,30094,3,,,,,,,,,,,,
char_297_hamoni,Harmonie,5,30104,6,30043,15,31054,3,30093,3,31014,3,30094,6,30145,4,31054,3,30074,3,31013,4,30084,3,30104,5,30155,4,30084,3,,,,,,,,,,,,
char_4110_delphn,Delphine,5,31084,8,31043,10,31034,3,30093,1,31044,3,31014,5,30155,4,31034,2,31044,3,31063,4,30044,3,31064,5,30115,4,31044,4,,,,,,,,,,,,
char_1011_lava2,Lava the Purgatory,5,30074,8,30093,13,30074,3,30053,5,31034,3,31014,5,30135,4,30104,4,30084,3,30063,2,30014,3,30094,6,30145,4,30064,3,,,,,,,,,,,,
char_489_serum,Corroserum,5,30064,5,30103,10,30064,2,30043,3,30014,2,30094,7,30145,4,30084,3,30074,3,30053,5,31014,3,30014,7,30125,4,30084,3,,,,,,,,,,,,
char_446_aroma,Aroma,5,30104,7,30073,21,30084,3,30043,3,30094,3,30084,5,30115,4,31054,4,30094,3,30023,4,31034,3,30064,3,30135,4,30074,5,,,,,,,,,,,,
char_4013_kjera,Kjera,5,30094,8,31023,13,31054,3,30063,3,30074,3,30054,5,30125,4,31034,3,31044,3,31023,4,30084,3,31054,5,30115,4,31024,4,,,,,,,,,,,,
char_4040_rockr,Rockrock,5,31054,7,30053,14,31044,3,31023,4,30084,3,31054,5,30135,4,31014,4,30014,3,30093,4,30094,3,30074,6,30145,4,30014,3,,,,,,,,,,,,
char_4054_malist,Minimalist,5,31034,6,30043,12,31024,3,30103,3,31034,3,31014,5,30115,4,30044,4,30044,3,31043,1,31054,3,30064,4,30135,4,30054,4,,,,,,,,,,,,
char_499_kaitou,Diamante,5,31084,7,30083,15,31084,3,31053,3,30094,3,31054,6,30125,4,31064,3,31064,3,30033,3,30084,3,30064,4,30135,4,31024,4,,,,,,,,,,,,
char_4081_warmy,Warmy,5,30094,6,31033,19,31074,3,31043,3,31014,3,30094,6,30145,4,30084,3,30044,3,30083,1,31084,3,31074,5,30155,4,30064,2,,,,,,,,,,,,
char_4198_christ,Miss.Christine,5,30094,7,30043,16,30054,3,30103,2,30014,3,31064,7,30165,4,30044,1,31084,3,31043,2,31024,3,30044,5,30115,4,31054,4,,,,,,,,,,,,
char_4164_tecno,Tecno,5,31024,7,31013,14,31064,3,31073,3,31024,3,31084,5,30115,4,31044,4,30044,3,30043,1,30054,3,31044,5,30135,4,31074,4,,,,,,,,,,,,
char_242_otter,Mayer,5,30044,6,30103,11,30104,3,30083,2,30024,3,30104,5,30135,4,30044,3,30014,3,30093,4,30034,3,30014,6,30115,4,30084,4,,,,,,,,,,,,
char_336_folivo,Scene,5,30074,9,30083,12,30014,3,30093,4,30094,3,30074,6,30135,4,30064,3,31024,3,30103,3,30014,3,30094,6,30135,4,31014,4,,,,,,,,,,,,
char_4140_lasher,Sand Reckoner,5,31064,9,31023,12,30094,3,30073,4,31044,3,30014,7,30155,4,31024,1,31024,3,31073,3,31074,3,31034,5,30135,4,30084,4,,,,,,,,,,,,
char_108_silent,Silence,5,30054,7,30013,18,30014,3,30093,4,30034,3,30014,6,30115,4,30084,4,30024,3,30103,3,30044,3,30024,5,30125,4,30094,4,,,,,,,,,,,,
char_171_bldsk,Warfarin,5,30064,5,30023,17,30024,3,30103,3,30044,3,30024,5,30125,4,30094,4,30034,3,30013,4,30054,3,30034,5,30135,4,30064,3,,,,,,,,,,,,
char_345_folnic,Folinic,5,30054,8,30063,8,30094,3,30073,4,30064,2,30044,5,30125,4,30094,4,30014,3,30093,4,30084,3,30064,4,30125,4,30054,3,,,,,,,,,,,,
char_4196_reckpr,Record Keeper,5,31034,7,30013,16,31024,3,30023,4,31094,3,31034,5,30135,4,31064,4,30054,3,31033,2,30104,3,31064,6,30155,4,30044,1,,,,,,,,,,,,
char_348_ceylon,Ceylon,5,30044,7,30053,10,30094,3,30073,4,30024,3,30104,5,30115,4,30074,5,30104,3,30083,2,30034,3,30014,6,30125,4,30034,4,,,,,,,,,,,,
char_436_whispr,Whisperain,5,30014,9,31033,13,30084,3,30063,2,30014,3,30094,6,30125,4,31034,3,30094,3,30073,4,31014,3,30014,7,30115,4,31024,4,,,,,,,,,,,,
char_4173_nowell,Nowell,5,31054,8,31083,10,30014,3,31043,5,31074,3,30104,5,30115,4,31034,3,31024,3,30023,4,30094,3,31034,5,30135,4,31064,4,,,,,,,,,,,,
char_402_tuye,Tuye,5,30054,7,30073,15,30054,3,31013,2,30094,3,30074,6,30125,4,30084,3,30064,2,30043,3,30104,3,30084,5,30115,4,30074,5,,,,,,,,,,,,
char_473_mberry,Mulberry,5,30014,9,31043,12,30094,3,30073,4,30044,3,31024,5,30115,4,30074,5,30104,3,30083,2,30054,3,31044,5,30135,4,30104,4,,,,,,,,,,,,
char_449_glider,Honeyberry,5,31044,7,30063,12,31014,3,30013,6,30104,3,30084,5,30145,4,30014,3,31024,3,30103,3,31034,3,31014,5,30125,4,30064,3,,,,,,,,,,,,
char_4114_harold,Harold,5,31064,8,30013,14,31054,3,30063,3,30014,3,31044,6,30145,4,30104,3,30054,3,31033,2,31024,3,31084,5,30155,4,30044,2,,,,,,,,,,,,
char_1024_hbisc2,Hibiscus the Purifier,5,30074,9,30013,18,30084,3,31053,2,31024,3,30104,5,30135,4,31044,4,30094,3,30073,4,30044,3,31024,5,30145,4,31044,3,,,,,,,,,,,,
char_494_vendla,Vendela,5,30054,5,30093,13,31014,3,30013,6,30064,3,31024,4,30135,4,31054,4,30104,3,30043,2,31064,3,30014,6,30145,4,31074,3,,,,,,,,,,,,
char_4071_peper,Paprika,5,30014,8,30063,12,31014,3,31043,4,31054,3,30084,5,30135,4,30074,5,31044,3,30083,4,30044,3,31024,5,30115,4,31014,5,,,,,,,,,,,,
char_4139_papyrs,Papyrus,5,30084,7,30093,13,31084,3,31043,2,31024,3,30044,5,30135,4,31054,4,31054,3,30053,4,30084,3,30064,4,30145,4,31014,1,,,,,,,,,,,,
char_4224_turdus,Укусик,5,31024,8,30043,12,31084,3,31053,2,30054,3,30044,4,30155,4,31094,1,31044,3,30063,3,31084,3,31054,5,30145,4,31024,1,,,,,,,,,,,,
char_4222_taraxa,Taraxacum,5,31014,7,31083,13,31054,3,30023,4,30044,3,31074,5,30115,4,31034,3,31014,3,31033,5,31054,3,31094,6,30155,4,31064,1,,,,,,,,,,,,
char_148_nearl,Nearl,5,30074,9,30033,16,30034,3,30013,4,30054,3,30034,5,30135,4,30064,3,30044,3,30023,1,30064,2,30044,5,30115,4,30034,4,,,,,,,,,,,,
char_226_hmau,Hung,5,31024,7,30053,15,30104,3,30083,2,31014,3,30014,7,30115,4,30064,3,31024,3,30103,3,30044,3,31024,5,30125,4,31024,4,,,,,,,,,,,,
char_4109_baslin,Bassline,5,31084,7,30083,15,31084,3,31053,3,30094,3,31054,6,30125,4,31064,3,31064,3,30033,3,30084,3,30064,4,30135,4,31024,4,,,,,,,,,,,,
char_4143_sensi,Senshi,5,31084,7,30033,14,31064,3,31023,4,30104,3,31084,5,30115,4,31044,4,30044,3,30033,1,31034,3,31044,5,30135,4,30064,3,,,,,,,,,,,,
char_144_red,Projekt Red,5,30084,7,30043,14,30044,3,30023,1,30064,2,30044,5,30115,4,30034,4,30054,3,30033,3,30074,3,30054,5,30125,4,30054,3,,,,,,,,,,,,
char_243_waaifu,Waai Fu,5,30104,7,30013,16,30054,3,30033,3,30074,3,30054,5,30135,4,30064,3,30064,2,30043,3,30084,3,30064,4,30115,4,30034,4,,,,,,,,,,,,
char_214_kafka,Kafka,5,31014,8,30043,15,30014,3,30093,4,31024,3,30104,5,30135,4,31014,4,31014,3,30013,6,30044,3,31024,5,30145,4,30014,3,,,,,,,,,,,,
char_455_nothin,Mr.Nothing,5,30064,6,30083,10,30094,3,30073,4,31014,3,30014,7,30125,4,31024,4,30014,3,30093,4,31024,3,30104,5,30115,4,31014,5,,,,,,,,,,,,
char_4155_talr,Figurino,5,30014,10,31033,13,31014,3,30063,3,30044,3,30094,5,30115,4,30104,4,30014,3,30073,6,31054,3,30104,5,30135,4,31034,3,,,,,,,,,,,,
char_107_liskam,Liskarm,5,30094,7,30053,15,30054,3,30033,3,30074,3,30054,5,30125,4,30054,3,30064,2,30043,3,30084,3,30064,4,30135,4,30024,4,,,,,,,,,,,,
char_4137_udflow,Underflow,5,31024,8,31073,9,30104,3,30033,3,30064,3,31024,4,30115,4,30054,4,30054,3,31043,2,30094,3,30084,5,30155,4,31084,1,,,,,,,,,,,,
char_201_moeshd,Croissant,5,30104,8,30063,8,30064,2,30043,3,30084,3,30064,4,30135,4,30024,4,30074,3,30053,5,30094,3,30074,6,30125,4,30104,3,,,,,,,,,,,,
char_325_bison,Bison,5,30094,7,30103,11,30034,3,30013,4,30054,3,30034,5,30115,4,30084,4,30044,3,30023,1,30064,2,30044,5,30125,4,30094,4,,,,,,,,,,,,
char_163_hpsts,Vulcan,5,30014,8,30053,15,30074,3,30053,5,30094,3,30074,6,30125,4,30104,3,30084,3,30063,2,30104,3,30084,5,30115,4,30024,4,,,,,,,,,,,,
char_4207_branch,Веточки,5,31074,8,30023,15,30054,3,31023,2,30104,3,31064,6,30115,4,30044,4,31084,3,30033,3,31034,3,30044,4,30135,4,31054,4,,,,,,,,,,,,
char_378_asbest,Asbestos,5,30064,6,30083,10,30064,2,30043,3,31014,3,30014,7,30115,4,30104,4,30084,3,30063,2,30054,3,31014,6,30135,4,30044,3,,,,,,,,,,,,
char_4025_aprot2,Shalem,5,30104,7,31013,11,30014,3,30093,4,30094,3,30074,6,30135,4,31014,4,31014,3,30013,6,30104,3,30084,5,30145,4,30014,3,,,,,,,,,,,,
char_4047_pianst,Czerny,5,30084,8,31033,11,30104,3,30083,2,30054,3,31044,5,30115,4,31054,4,31034,3,31013,1,30064,3,30044,3,30125,4,31034,3,,,,,,,,,,,,
char_457_blitz,Blitz,5,30084,8,30103,8,30104,3,30083,2,30064,2,30044,5,30125,4,31023,3,31024,3,30103,3,30074,3,30054,5,30115,4,30084,4,,,,,,,,,,,,
char_304_zebra,Heavyrain,5,30014,9,30043,14,30084,3,30063,2,30014,3,30094,6,30135,4,31034,3,30094,3,30073,4,31014,3,30014,7,30145,4,31024,3,,,,,,,,,,,,
char_431_ashlok,Ashlock,5,31014,8,31053,13,31034,3,31013,1,30064,3,30044,3,30145,4,31044,3,31054,3,30063,3,30074,3,30054,5,30125,4,31054,4,,,,,,,,,,,,
char_493_firwhl,Firewhistle,5,30094,7,31013,13,30054,3,30103,2,30084,3,30064,4,30135,4,31054,4,30094,3,31023,3,30084,3,31054,6,30145,4,30064,2,,,,,,,,,,,,
char_422_aurora,Aurora,5,30074,9,30013,19,30084,3,31053,2,31024,3,30104,5,30115,4,30074,5,30094,3,30073,4,30044,3,31024,5,30135,4,30104,4,,,,,,,,,,,,
char_464_cement,Cement,5,30084,7,30093,13,30104,3,30023,3,31014,3,31024,5,30115,4,30074,5,31064,3,30043,2,30044,3,31054,5,30135,4,31044,4,,,,,,,,,,,,
char_4148_philae,Philae,5,30104,6,30053,16,31024,3,31083,3,31014,3,31034,5,30155,4,30084,1,30054,3,30083,2,30014,3,30084,6,30145,4,31084,1,,,,,,,,,,,,
char_4225_tanya,Crackborne,5,31064,9,31113,9,31054,3,30023,4,31084,3,31074,5,30155,4,31024,1,31014,3,31103,4,31044,3,31094,6,30145,4,30054,1,,,,,,,,,,,,
char_145_prove,Provence,5,30024,9,30063,7,30084,3,30063,2,30104,3,30084,5,30115,4,30024,4,30094,3,30073,4,30014,3,30094,6,30125,4,30014,4,,,,,,,,,,,,
char_4006_melnte,Melanite,5,31044,8,30073,15,31024,3,30073,4,31064,3,30044,4,30115,4,31014,5,31064,3,30033,3,30014,3,31044,6,30125,4,31064,3,,,,,,,,,,,,
char_158_milu,Firewatch,5,30034,7,30073,15,30094,3,30073,4,30014,3,30094,6,30125,4,30014,4,30104,3,30083,2,30024,3,30104,5,30135,4,30034,4,,,,,,,,,,,,
char_218_cuttle,Andreana,5,30094,8,30103,8,31024,3,30103,3,30094,3,30074,6,30125,4,30054,3,30054,3,31013,2,30014,3,30094,6,30115,4,31024,4,,,,,,,,,,,,
char_4014_lunacu,Lunacub,5,31044,8,30053,13,30014,3,30023,6,30104,3,31044,5,30145,4,31014,3,31054,3,31013,3,30074,3,30044,5,30155,4,30054,3,,,,,,,,,,,,
char_363_toddi,Toddifons,5,31034,10,31023,10,30064,2,30043,3,30104,3,30084,5,30125,4,30054,3,30074,3,30053,5,31034,3,31014,5,30115,4,30104,4,,,,,,,,,,,,
char_4043_erato,Erato,5,30064,5,30103,11,30064,2,30043,3,30014,2,30094,7,30125,4,30084,3,30074,3,30053,5,31014,3,30014,7,30115,4,30074,5,,,,,,,,,,,,
char_4221_ju,Ju,5,31074,8,30073,13,30054,3,31063,2,31024,3,31064,6,30155,4,31054,1,31084,3,30103,2,30054,3,30044,4,30145,4,31094,1,,,,,,,,,,,,
char_1027_greyy2,Greyy the Lightningbearer,5,30094,7,31023,16,31054,3,30063,3,30074,3,30054,5,30115,4,31024,4,31044,3,31023,4,30084,3,31054,5,30135,4,31014,4,,,,,,,,,,,,
char_4104_coldst,Coldshot,5,30104,8,30043,10,30094,3,30013,4,31064,3,30074,6,30135,4,31024,4,31044,3,30103,3,30094,3,30014,6,30145,4,31064,3,,,,,,,,,,,,
char_4211_snhunt,Snow Hunter,5,31014,8,31033,17,31054,3,30103,3,31084,3,31074,5,30145,4,31094,1,31014,3,31043,4,31044,3,31094,6,30165,4,30104,1,,,,,,,,,,,,
char_4177_brigid,Brigid,5,31074,8,30083,12,30054,3,31033,2,30104,3,31064,6,30155,4,30044,1,31084,3,30053,2,31034,3,30044,4,30145,4,31054,1,,,,,,,,,,,,
char_4015_spuria,Spuria,5,31034,7,31053,9,30084,3,31023,3,31024,3,30094,5,30135,4,30054,4,30064,2,31013,3,31054,3,31024,6,30145,4,31044,3,,,,,,,,,,,,
char_173_slchan,Cliffheart,5,30044,6,30083,13,30104,3,30083,2,30024,3,30104,5,30135,4,30034,4,30014,3,30093,4,30034,3,30014,6,30115,4,30064,3,,,,,,,,,,,,
char_383_snsant,Snowsant,5,31014,8,30043,15,30084,3,30063,2,30104,3,30084,5,30135,4,31014,4,30094,3,30073,4,31024,3,30104,5,30125,4,30054,3,,,,,,,,,,,,
char_4105_almond,Almond,5,30044,6,30083,13,30094,3,30023,4,31034,3,30054,4,30115,4,31044,4,31044,3,30083,4,30064,3,31064,4,30125,4,31034,3,,,,,,,,,,,,
char_174_slbell,Pramanix,5,30054,7,30093,11,30014,3,30093,4,30034,3,30014,6,30115,4,30064,3,30024,3,30103,3,30044,3,30024,5,30125,4,30044,3,,,,,,,,,,,,
char_254_vodfox,Shamare,5,30014,8,31023,17,30104,3,30083,2,30074,3,30054,5,30125,4,31024,4,30014,3,30093,4,30084,3,30064,4,30135,4,31014,4,,,,,,,,,,,,
char_4079_haini,Lucilla,5,30104,6,30083,16,31044,3,31083,3,30054,3,31054,5,30155,4,31074,1,31074,3,30043,3,31084,3,31014,6,30135,4,30014,5,,,,,,,,,,,,
char_195_glassb,Истина,5,30064,5,30103,9,30024,3,30103,3,30044,3,30024,5,30125,4,30044,3,30034,3,30013,4,30054,3,30034,5,30135,4,30054,4,,,,,,,,,,,,
char_326_glacus,Glaucus,5,30054,7,30063,10,30014,3,30093,4,30034,3,30014,6,30125,4,30034,4,30024,3,30103,3,30044,3,30024,5,30135,4,30044,3,,,,,,,,,,,,
char_4032_provs,Proviso,5,30044,7,30083,12,30074,3,30053,5,31014,3,30014,7,30115,4,30074,5,30084,3,31053,2,31024,3,30104,5,30135,4,31014,4,,,,,,,,,,,,
char_4122_grabds,Grain Buds,5,31034,7,31053,11,31024,3,30023,4,31014,3,30054,5,30125,4,31084,4,30064,2,30073,4,30074,3,30044,5,30145,4,30054,3,,,,,,,,,,,,
char_433_windft,Windflit,5,30054,7,30093,11,30044,3,31043,1,31054,3,30064,4,30135,4,30054,4,30054,3,31013,2,31044,3,31014,6,30145,4,30094,3,,,,,,,,,,,,
char_4162_cathy,Catherine,5,30064,6,30023,13,31084,3,31013,2,31024,3,30044,5,30155,4,31054,1,31044,3,31053,3,30054,3,31054,5,30145,4,31074,1,,,,,,,,,,,,
char_4178_alanna,Alanna,5,31054,9,31083,8,31084,3,30043,2,31024,3,30044,5,30145,4,31054,1,31044,3,30013,5,30054,3,31054,5,30165,4,31014,1,,,,,,,,,,,,
char_101_sora,Sora,5,30074,9,30013,17,30034,3,30013,4,30054,3,30034,5,30135,4,30054,4,30044,3,30023,1,30064,2,30044,5,30115,4,30094,4,,,,,,,,,,,,
char_4045_heidi,Heidi,5,31044,9,30063,7,31014,3,30013,6,30104,3,30084,5,30125,4,30064,3,31024,3,30103,3,31034,3,31014,5,30115,4,30044,4,,,,,,,,,,,,
char_4184_dolris,Misumi Uika,5,30044,6,31063,11,31064,3,31083,3,31024,3,31084,5,30165,4,31044,1,30044,3,30083,1,30054,3,31044,5,30115,4,31074,4,,,,,,,,,,,,
char_343_tknogi,Tsukinogi,5,30074,8,30093,12,30054,3,31013,2,31024,3,30104,5,30135,4,30074,5,30074,3,30053,5,30044,3,31024,5,30135,4,30014,5,,,,,,,,,,,,
char_4019_ncdeer,Nine-Colored Deer,5,30084,7,31033,14,30104,3,30083,2,30054,3,31044,5,30145,4,31044,3,31034,3,31013,1,30064,3,30044,3,30115,4,31054,4,,,,,,,,,,,,
char_492_quercu,Quercus,5,30044,6,30083,13,30074,3,30053,5,31014,3,30014,7,30125,4,30084,3,30084,3,31053,2,31024,3,30104,5,30115,4,30074,5,,,,,,,,,,,,
char_4172_xingzh,Xingzhu,5,31044,7,30073,20,31054,3,31063,3,31084,3,31074,5,30155,4,30094,1,31014,3,30103,3,31044,3,30094,6,30145,4,30104,1,,,,,,,,,,,,
char_1022_flwr2,Perfumer the Distilled,5,31034,6,30063,11,31044,3,30093,3,31064,3,31054,6,30145,4,31094,1,31074,3,31023,3,30044,3,31014,5,30165,4,30104,1,,,,,,,,,,,,
char_4102_threye,Valarqvin,5,30014,10,30063,7,30074,3,30093,4,30054,3,30064,4,30145,4,31054,3,30054,3,30013,3,30084,3,30094,5,30155,4,31024,3,,,,,,,,,,,,
char_487_bobb,Bobbing,5,31054,7,31043,13,31034,3,31033,1,31014,3,30054,5,30135,4,31064,4,30084,3,30053,3,30014,3,31064,7,30125,4,30044,3,,,,,,,,,,,,
char_4223_botany,Ботани,5,31034,6,30013,22,31074,3,30073,3,31044,3,31014,6,30165,4,30054,1,31094,3,31083,3,31074,3,30014,6,30115,4,31084,4,,,,,,,,,,,,
char_4234_pedro,Pedro,5,31084,7,31053,11,31114,3,31033,3,31054,3,30014,7,30165,4,31084,1,31024,3,30053,3,31014,3,31034,5,30115,4,31044,4,,,,,,,,,,,,
char_215_mantic,Manticore,5,30084,8,30023,12,30044,3,30023,1,30064,2,30044,5,30115,4,30094,4,30054,3,30033,3,30074,3,30054,5,30125,4,30084,3,,,,,,,,,,,,
char_478_kirara,Kirara,5,31024,7,30063,11,31034,3,31013,1,30054,3,31014,6,30115,4,31024,4,30104,3,30083,2,30064,2,30044,5,30135,4,31014,4,,,,,,,,,,,,
char_4186_tmoris,Yahata Umiri,5,31054,8,31043,12,30014,3,30013,7,31074,3,30104,5,30145,4,31034,1,31024,3,30093,3,31094,3,31034,5,30165,4,31064,1,,,,,,,,,,,,
char_241_panda,FEater,5,30094,8,30033,15,30054,3,30033,3,30074,3,30054,5,30125,4,30084,3,30064,2,30043,3,30084,3,30064,4,30135,4,30074,5,,,,,,,,,,,,
char_4036_forcer,Enforcer,5,31014,8,31053,12,31034,3,31013,1,30064,3,30044,3,30125,4,31054,4,31054,3,30063,3,30074,3,30054,5,30115,4,31024,4,,,,,,,,,,,,
char_451_robin,Robin,5,31024,8,30053,11,31034,3,31013,1,30054,3,30044,5,30125,4,30064,3,30104,3,30083,2,30064,2,31014,6,30115,4,30044,4,,,,,,,,,,,,
char_458_rfrost,Frost,5,30094,8,30013,17,30044,3,31023,1,30084,3,30064,4,30135,4,30094,4,30054,3,31013,2,30094,3,30074,6,30145,4,30064,3,,,,,,,,,,,,
char_4171_wulfen,Wulfenite,5,31014,9,31073,10,31044,3,31013,3,31064,3,31054,6,30115,4,31014,5,31074,3,31053,3,30044,3,31014,5,30135,4,30014,5,,,,,,,,,,,,
char_369_bena,Bena,5,30044,6,30073,15,31024,3,30103,3,30074,3,30054,5,30145,4,30014,3,30044,3,31023,1,30084,3,30064,4,30125,4,30084,4,,,,,,,,,,,,
char_4016_kazema,Kazemaru,5,30014,9,31043,13,30094,3,30073,4,30044,3,31024,5,30135,4,31044,4,30104,3,30083,2,30054,3,31044,5,30145,4,30104,3,,,,,,,,,,,,
char_4124_iana,Iana,5,31064,7,31083,12,31024,3,30013,4,30084,3,31034,4,30155,4,30054,3,31014,3,31063,4,31084,3,31054,6,30115,4,31024,4,,,,,,,,,,,,
char_4183_mortis,Wakaba Mutsumi,5,31084,8,30033,13,30104,3,30063,2,31014,3,31024,6,30155,4,30054,1,31034,3,30073,1,30014,3,30054,5,30145,4,31084,1,,,,,,,,,,,,
char_4151_tinman,Tin Man,5,30054,7,30013,18,30014,3,30043,5,31054,3,30104,5,30145,4,31034,1,31034,3,31023,1,31014,3,30054,5,30125,4,31064,4,,,,,,,,,,,,
char_4191_tippi,Tippi,5,31014,9,31073,10,30014,3,30033,6,31074,3,30104,5,30155,4,31034,1,31024,3,31063,3,30094,3,31034,5,30145,4,31064,1,,,,,,,,,,,,
char_103_angel,Exusiai,6,30115,4,30024,5,30064,3,30043,4,30094,4,30074,9,30115,6,30024,6,30074,4,30053,8,30104,4,30084,7,30115,6,30074,7,30084,4,30063,4,30014,4,30094,9,30135,6,30034,6
char_332_archet,Archetto,6,30115,4,30014,8,30064,3,30043,4,30104,4,30084,7,30115,6,30074,7,30074,4,30053,8,31034,4,31014,8,30135,6,30104,5,30084,4,30063,4,30014,4,30094,9,30145,6,30104,4
char_456_ash,Ash,6,30135,4,31014,6,30044,4,31023,4,30084,4,30064,5,30135,6,30094,6,30054,4,31013,4,30094,4,30074,9,30145,6,30064,4,30064,3,30043,4,30104,4,30084,7,30125,6,30054,5
char_340_shwaz,Schwarz,6,30135,4,30044,5,30094,4,30073,7,30024,4,30104,8,30125,6,30034,5,30104,4,30083,5,30034,4,30014,10,30115,6,30064,4,30014,4,30093,7,30044,4,30024,7,30115,6,30084,6
char_4055_bgsnow,Позёмка,6,30145,3,30014,9,30074,4,30053,8,31024,4,30104,8,30135,6,30054,5,30084,4,31053,5,30044,4,31024,7,30145,6,30094,4,30094,4,30073,7,30054,4,31054,8,30125,6,30084,5
char_1048_orchd2,Violet Mizutsune Orchid,6,30145,4,31084,5,31014,4,30093,7,31094,4,31034,7,30165,6,31044,1,30014,4,31023,9,31024,4,31064,9,30115,6,31074,6,31034,4,30033,4,30054,4,30044,7,30155,6,31094,2
char_430_fartth,Fartooth,6,30135,4,31054,7,31034,4,31013,3,30074,4,30054,8,30125,6,30084,5,31054,4,30063,5,30084,4,31044,8,30115,6,30074,7,31044,4,31023,7,30094,4,30074,9,30135,6,30104,5
char_4193_lemuen,Lemuen,6,30115,4,31024,7,31034,4,31043,3,30054,4,31054,8,30155,6,31074,2,31064,4,30023,9,31084,4,31014,9,30145,6,30094,1,30044,4,31033,4,31044,4,31094,9,30165,6,30014,1
char_113_cqbw,W,6,30125,4,30054,7,31024,4,30103,5,30104,4,30084,7,30135,6,31014,6,30064,3,30043,4,31014,4,30014,10,30125,6,31024,5,30074,4,30053,8,30044,4,31024,7,30125,6,31014,6
char_300_phenxi,Fiammetta,6,30145,3,30094,6,30094,4,30073,7,30054,4,31054,8,30145,6,30094,4,30104,3,30083,9,30064,3,30044,6,30125,6,30074,5,31034,4,31013,3,30074,4,30054,8,30115,6,30084,7
char_197_poca,Роса,6,30125,4,30064,6,31014,4,30013,11,31024,4,30104,8,30115,6,30084,6,30044,4,31023,4,30054,4,31014,9,30135,6,30064,4,30064,3,30043,4,30074,4,30054,8,30125,6,30104,5
char_2012_typhon,Typhon,6,30115,4,31044,7,31064,4,30063,4,31044,4,31054,9,30125,6,30014,6,30074,4,30083,8,31014,4,31024,9,30135,6,30074,7,31014,4,31053,7,30094,4,30014,10,30145,6,31054,4
char_391_rosmon,Rosmontis,6,30135,4,30054,5,30094,4,30073,7,30044,4,31024,7,30145,6,30014,4,30014,4,30093,7,30054,4,31014,9,30125,6,30064,4,31014,4,30013,11,30064,3,30044,6,30145,6,30094,4
char_1035_wisdel,Wiš'adel,6,30145,3,30064,6,30054,4,31053,4,30074,4,30084,8,30135,6,31014,6,31054,4,30043,7,31074,4,30014,10,30145,6,31064,4,31074,4,31033,6,31034,4,31054,7,30155,6,30054,4
char_1013_chen2,Ch'en the Holungday,6,30125,4,31024,6,30064,3,30043,4,30104,4,30074,8,30115,6,30084,6,30074,4,30053,8,31034,4,31014,8,30135,6,30094,6,30084,4,30063,4,30014,4,30094,9,30145,6,30064,4
char_4117_ray,Ray,6,30125,4,30014,8,30064,3,31013,4,31044,4,30094,8,30145,6,31064,4,30104,4,31043,4,30064,4,30084,6,30155,6,30014,5,30074,4,30063,6,31084,4,30104,7,30115,6,31024,6
char_4138_narant,Narantuya,6,30125,4,31014,7,30064,4,31063,1,31074,4,31034,7,30155,6,30054,2,30094,4,30023,7,30014,4,31064,10,30135,6,31084,5,31024,4,31013,6,31034,4,31044,7,30145,6,31054,1
char_112_siege,Siege,6,30125,4,30014,6,30074,4,30053,8,30104,4,30084,7,30125,6,30014,6,30084,4,30063,4,30014,4,30094,9,30125,6,30034,5,30094,4,30073,7,30024,4,30104,8,30115,6,30064,4
char_222_bpipe,Bagpipe,6,30115,4,30014,9,30074,4,30053,8,30104,4,30084,7,30125,6,30054,5,30084,4,30063,4,31024,4,30104,8,30135,6,30074,7,30094,4,30073,7,31014,4,30014,10,30125,6,30044,4
char_362_saga,Saga,6,30125,4,31024,6,31034,4,31013,3,31014,4,30014,10,30125,6,31024,5,30104,4,30083,5,30044,4,31024,7,30115,6,31014,7,30094,4,30073,7,31024,4,30104,8,30135,6,30014,7
char_4026_vulpis,Vulpisfoglia,6,30155,4,31084,2,30084,4,31083,4,31064,4,31074,8,30115,6,31014,7,31084,4,30083,5,30044,4,30094,7,30135,6,30014,7,31044,4,31073,6,31054,4,30104,8,30155,6,31024,2
char_479_sleach,Saileach,6,30145,4,31044,6,30014,4,30093,7,30104,4,30084,7,30145,6,31044,4,31014,4,30013,11,31034,4,31054,8,30115,6,31014,6,31024,4,30103,5,31054,4,30064,6,30125,6,31034,4
char_420_flamtl,Flametail,6,30125,4,30014,9,30074,4,30053,8,31024,4,30104,8,30125,6,30064,4,30084,4,31053,5,30044,4,31024,7,30115,6,30044,5,30094,4,30073,7,30054,4,31054,8,30135,6,30054,5
char_427_vigil,Vigil,6,30145,3,30064,4,30104,4,31033,5,30074,4,31064,8,30115,6,31034,5,30054,4,31053,4,31024,4,30064,7,30135,6,30044,5,31044,4,31023,7,30104,4,30074,9,30145,6,30084,4
char_249_mlyss,Muelsyse,6,30125,4,30094,5,30014,4,30093,7,31064,4,31054,8,30145,6,30044,3,30104,4,30033,6,30014,4,30074,10,30155,6,31024,4,30084,4,30013,7,30044,4,30094,7,30115,6,30074,7
char_4228_closur,Closure,6,30155,4,30044,2,30044,4,31113,3,31044,4,31094,9,30115,6,30054,5,31114,4,31093,5,31054,4,30014,10,30155,6,31084,2,31074,4,31053,5,31014,4,31034,7,30145,6,31044,1
char_1045_svash2,SilverAsh the Reignfrost,6,30145,4,31034,2,30014,4,31093,8,30104,4,31064,8,30135,6,31084,5,31024,4,31053,6,31034,4,30044,6,30155,6,31054,2,30054,4,30063,4,31064,4,31054,9,30145,6,31094,1
char_4087_ines,Ines,6,30115,4,31034,4,31044,4,30063,5,30094,4,30084,8,30115,6,31064,6,30094,4,31033,7,31024,4,31014,9,30125,6,30054,5,31054,4,30023,8,30064,4,30044,5,30135,6,31044,6
char_134_ifrit,Ifrit,6,30135,4,30034,7,30084,4,30063,4,30014,4,30094,9,30135,6,30034,6,30094,4,30073,7,30024,4,30104,8,30135,6,30044,5,30104,4,30083,5,30034,4,30014,10,30125,6,30044,4
char_4229_aphris,Aphrissa,6,30165,4,31104,2,31064,4,30083,7,31084,4,31074,8,30145,6,31024,1,30044,4,31073,3,31044,4,31094,9,30165,6,30054,1,31104,4,30043,6,31054,4,30014,10,30115,6,31084,5
char_213_mostma,Mostima,6,30125,4,30094,7,30014,4,30093,7,30044,4,30024,7,30125,6,30094,5,30024,4,30103,5,30054,4,30034,7,30115,6,30094,6,30034,4,30013,8,30064,3,30044,6,30115,6,30034,6
char_180_amgoat,Eyjafjalla,6,30115,4,30064,5,30094,4,30073,7,30024,4,30104,8,30115,6,30064,4,30104,4,30083,5,30034,4,30014,10,30115,6,30084,6,30014,4,30093,7,30044,4,30024,7,30135,6,30054,5
char_2013_cerber,Ceobe,6,30125,4,31024,5,30104,4,30083,5,30044,4,31024,7,30115,6,31014,7,31024,4,30103,5,30054,4,31014,9,30135,6,31024,6,31014,4,30013,11,30064,3,30044,6,30125,6,30014,6
char_4027_heyak,Ho'olheyak,6,30135,4,31064,7,30044,4,30103,3,31054,4,31034,7,30125,6,30014,6,31034,4,31063,3,30074,4,30054,8,30135,6,31034,5,31024,4,31013,6,30094,4,31064,7,30145,6,30084,4
char_4133_logos,Logos,6,30155,4,30074,6,30074,4,30013,11,30014,4,30054,8,30135,6,30064,4,30014,4,31043,8,30064,4,30074,7,30115,6,30084,6,30064,3,30023,5,30104,4,30044,7,30145,6,30074,4
char_2015_dusk,Dusk,6,30145,4,30084,6,30014,4,30093,7,30054,4,31014,9,30145,6,30074,4,31014,4,30013,11,30064,3,31034,5,30125,6,30044,4,31024,4,30103,5,30074,4,30054,8,30145,6,30084,6
char_4141_marcil,Marcille,6,30155,4,30094,2,31044,4,30103,5,31054,4,30104,8,30135,6,31024,6,30064,4,31043,1,31074,4,31034,7,30125,6,30054,5,31014,4,30023,10,30094,4,30084,8,30155,6,31064,2
char_472_pasngr,Passenger,6,30125,4,30044,5,30074,4,30053,8,31034,4,31014,8,30115,6,30104,6,30084,4,30063,4,30014,4,30094,9,30135,6,31034,5,31034,4,31013,3,31014,4,30014,10,30145,6,31024,4
char_426_billro,Carnelian,6,30135,4,30104,7,30084,4,30063,4,30014,4,30094,9,30125,6,30084,5,31034,4,31013,3,31014,4,30014,10,30115,6,30074,7,30104,4,30083,5,30044,4,31024,7,30135,6,30104,5
char_4080_lin,Lin,6,30135,4,31054,8,30084,4,31043,5,30054,4,30104,7,30115,6,30074,7,31024,4,30043,6,31044,4,30084,8,30125,6,30044,4,31054,4,30033,8,30014,4,31064,8,30135,6,31024,6
char_1046_sbell2,Pramanix the Prerita,6,30165,4,30054,2,30044,4,31083,3,31044,4,31094,9,30115,6,31024,6,31054,4,30083,7,31074,4,30104,7,30135,6,30054,5,31014,4,31073,7,31094,4,31034,7,30155,6,31084,2
char_377_gdglow,Goldenglow,6,30125,4,30084,5,30064,3,30043,4,31014,4,30014,10,30125,6,30064,4,30074,4,30053,8,31024,4,30104,8,30115,6,30044,5,30084,4,31053,5,30044,4,31024,7,30135,6,30054,5
char_1038_whitw2,Lappland the Decadenza,6,30145,4,30044,2,31074,4,30043,6,31014,4,31034,7,30145,6,30054,1,30094,4,30013,8,30014,4,30084,8,30115,6,31064,6,30104,4,30093,4,31024,4,31084,8,30135,6,30044,5
char_4046_ebnhlz,Ebenholz,6,30135,4,31044,7,31034,4,31013,3,30074,4,30054,8,30115,6,30074,7,31054,4,30063,5,30084,4,31044,8,30135,6,30104,5,31044,4,31023,7,30094,4,30074,9,30145,6,31044,4
char_4226_veen,Вий,6,30145,4,31044,6,31094,4,30063,5,31104,4,31064,9,30165,6,31054,1,30014,4,30073,10,31024,4,30044,7,30115,6,31014,7,31034,4,31083,2,30054,4,31114,7,30155,6,31104,2
char_4146_nymph,Nymph,6,30115,4,30064,5,30044,4,31013,3,31044,4,30014,10,30115,6,30104,6,30064,4,30073,1,31074,4,31034,7,30155,6,30054,2,30094,4,31073,5,30014,4,31064,10,30135,6,31084,5
char_1040_blaze2,Blaze the Igniting Spark,6,30155,4,31034,2,30014,4,31033,9,30104,4,31064,8,30115,6,31084,5,31024,4,30053,6,31034,4,30044,6,30135,6,31044,6,30054,4,31013,4,31064,4,31054,9,30155,6,31074,2
char_4204_mantra,Mantra,6,30155,4,31024,2,30044,4,31033,4,31044,4,31094,9,30145,6,30014,1,31054,4,30053,7,31074,4,30104,7,30165,6,31024,1,31014,4,31013,7,31094,4,31034,7,30115,6,30054,5
char_450_necras,Necrass,6,30115,4,31064,6,30094,4,31083,5,30014,4,30054,8,30155,6,31064,2,30104,4,30083,5,31024,4,31084,8,30145,6,30044,1,31034,4,31073,3,30054,4,31044,8,30115,6,31054,6
char_206_gnosis,Gnosis,6,30145,3,31024,7,30104,3,30083,9,30064,3,30044,6,30145,6,30094,4,31034,4,31013,3,30074,4,30054,8,30125,6,30084,5,31054,4,30063,5,30084,4,31044,8,30115,6,30074,7
char_291_aglina,Angelina,6,30125,4,30024,5,30064,3,30043,4,30094,4,30074,9,30125,6,30024,5,30074,4,30053,8,30104,4,30084,7,30115,6,30024,6,30084,4,30063,4,30014,4,30094,9,30115,6,30074,7
char_358_lisa,Suzuran,6,30135,4,30094,8,31024,4,30103,5,31014,4,30014,10,30135,6,30044,5,30054,4,31013,4,30044,4,31024,7,30125,6,30094,5,30074,4,30053,8,30064,3,30044,6,30125,6,30054,5
char_1047_halo2,Astgenne the Lightchaser,6,30115,4,31064,6,30104,4,30013,7,31024,4,31084,8,30165,6,31054,1,31034,4,30093,3,30054,4,31044,8,30115,6,31014,7,31064,4,31023,8,31084,4,31074,8,30135,6,30014,7
char_248_mgllan,Magallan,6,30115,4,30084,6,30104,4,30083,5,30034,4,30014,10,30115,6,30084,6,30014,4,30093,7,30044,4,30024,7,30135,6,30054,5,30024,4,30103,5,30054,4,30034,7,30135,6,30064,4
char_1012_skadi2,Skadi the Corrupting Heart,6,30115,4,30094,5,30104,4,30083,5,30044,4,31024,7,30115,6,31014,7,30094,4,30073,7,31024,4,30104,8,30125,6,31034,4,30014,4,30093,7,30054,4,31014,9,30115,6,31024,6
char_4134_cetsyr,Civilight Eterna,6,30115,4,30084,6,30104,4,31023,5,30094,4,31064,8,30155,6,31074,4,31084,4,31013,5,31014,4,30094,9,30125,6,31084,5,31024,4,30033,8,31044,4,30104,8,30145,6,30044,3
char_1031_slent2,Silence the Paradigmatic,6,30145,3,30104,6,30064,3,31033,5,31014,4,30104,8,30155,6,30094,4,30094,4,31043,5,30054,4,31024,8,30115,6,31054,6,31044,4,30053,7,31034,4,30064,6,30135,6,31014,6
char_4202_haruka,Haruka,6,30115,4,30014,9,31044,4,31023,7,31054,4,30014,10,30155,6,30104,2,31074,4,30033,7,31014,4,31024,9,30145,6,31034,1,31094,4,31063,6,30014,4,30054,8,30165,6,31064,1
char_2023_ling,Ling,6,30135,4,31034,5,31024,4,30103,5,31054,4,30064,6,30115,6,31024,6,30044,4,31043,3,31044,4,31014,9,30145,6,30014,4,30054,4,31013,4,30014,4,30094,9,30135,6,31014,6
char_4072_ironmn,Stainless,6,30115,4,31044,6,30084,4,31013,5,31044,4,31054,9,30125,6,30014,6,31054,4,30093,6,31014,4,31024,9,30135,6,30074,7,31034,4,30023,4,30094,4,30014,10,30145,6,31054,4
char_4212_nasti,Nasti,6,30135,4,31084,5,31044,4,31063,5,31054,4,30014,10,30145,6,31034,1,31074,4,30103,4,31014,4,31024,9,30165,6,31064,1,31094,4,31043,6,30014,4,30054,8,30115,6,30044,5
char_245_cello,Virtuosa,6,30115,4,30104,5,31044,4,30053,7,31034,4,30074,8,30145,6,30074,4,30094,4,31083,5,30104,4,30044,7,30155,6,31034,3,31054,4,31023,7,31024,4,31034,7,30125,6,30014,6
char_1042_phatm2,Tragodia,6,30155,4,30054,2,30104,4,31053,4,31024,4,30044,7,30145,6,31044,1,31034,4,30063,2,30054,4,31054,8,30165,6,31074,1,31064,4,30073,9,31084,4,31014,9,30115,6,30094,6
char_250_phatom,Phantom,6,30115,4,31014,9,30014,4,30093,7,30074,4,30054,8,30135,6,31024,6,30054,4,31013,4,30084,4,30064,5,30115,6,31024,6,30064,3,30043,4,30094,4,30074,9,30135,6,31014,6
char_1028_texas2,Texas the Omertosa,6,30125,4,30044,7,30064,3,31063,4,30074,4,31034,5,30155,6,30054,4,30074,4,30083,8,30014,4,30054,8,30115,6,31044,6,31064,4,30063,4,31034,4,31014,8,30125,6,30094,5
char_1029_yato2,Kirin R Yato,6,30155,3,30054,6,31034,4,31053,3,30044,4,30094,7,30135,6,31014,6,30014,4,31013,8,31054,4,31044,9,30145,6,30014,4,31054,4,30013,9,30104,4,31024,8,30155,6,30064,3
char_1502_crosly,Crownslayer,6,30135,4,31064,7,30094,4,31053,5,30014,4,30084,8,30135,6,31064,6,30104,4,30063,4,31024,4,31084,8,30155,6,30044,2,31034,4,30073,3,30054,4,31044,8,30145,6,31054,1
char_322_lmlee,Lee,6,30115,4,30074,9,31044,4,31023,7,30094,4,30074,9,30135,6,30104,5,30014,4,30093,7,30104,4,30084,7,30145,6,31044,4,31014,4,30013,11,31034,4,31014,8,30125,6,31054,5
char_1033_swire2,Swire the Elegant Wit,6,30135,4,30074,6,30084,4,31013,5,31064,4,31044,8,30135,6,30064,4,31054,4,30093,6,30084,4,30104,7,30145,6,31064,4,31034,4,30023,4,30054,4,30084,7,30155,6,31014,4
char_400_weedy,Weedy,6,30135,4,30084,6,30084,4,30063,4,30014,4,30094,9,30125,6,31024,5,30094,4,30073,7,30064,3,30044,6,30125,6,31014,6,30104,4,30083,5,30074,4,30054,8,30115,6,31014,7
char_225_haak,Aak,6,30135,4,31014,7,31014,4,30013,11,30094,4,30074,9,30115,6,31024,6,30044,4,31023,4,30104,4,30084,7,30135,6,31014,6,30054,4,31013,4,31024,4,30104,8,30125,6,31024,5
char_1041_angel2,Exusiai the New Covenant,6,30165,4,30104,2,31014,4,30033,10,30094,4,31034,7,30165,6,30054,1,31094,4,31063,6,30014,4,31064,10,30115,6,31084,5,30104,4,30103,4,31024,4,30044,7,30135,6,31044,6
char_474_glady,Gladiia,6,30145,4,31014,6,31014,4,30013,11,30064,3,30044,6,30135,6,31014,6,31024,4,30103,5,30074,4,30054,8,30145,6,30014,4,30044,4,31023,4,30084,4,30054,5,30125,6,30064,4
char_437_mizuki,Mizuki,6,30115,4,31034,6,31024,4,30103,5,30074,4,30054,8,30135,6,30014,7,30044,4,31023,4,30084,4,30064,5,30145,6,30074,4,30054,4,31013,4,30094,4,30074,9,30125,6,30044,4
char_4132_ascln,Ascalon,6,30135,4,30054,6,31064,4,30063,4,31064,4,31074,8,30155,6,30014,5,30094,4,31063,6,31024,4,30064,6,30115,6,31024,6,30044,4,31083,3,30044,4,31034,6,30125,6,30104,5
char_1023_ghost2,Specter the Unchained,6,30115,4,30054,6,31014,4,30013,11,31034,4,31024,8,30125,6,31044,4,31024,4,30103,5,31054,4,30064,6,30115,6,31024,6,30044,4,31013,3,31044,4,31034,9,30135,6,31024,6
char_4048_doroth,Dorothy,6,30115,4,31054,8,30014,4,30093,7,30104,4,30084,7,30125,6,31054,5,31014,4,30013,11,31034,4,30104,8,30115,6,31024,6,31024,4,30103,5,31054,4,30064,6,30135,6,31014,6
char_4123_ela,Ela,6,30125,4,30044,7,31014,4,31033,9,30054,4,31044,8,30125,6,31034,4,31044,4,31073,6,31084,4,31024,8,30135,6,31044,6,30084,4,30093,5,30084,4,31014,9,30145,6,30094,4
char_2027_wang,Wang,6,30115,4,30054,6,31054,4,31053,6,31074,4,30014,10,30165,6,30054,1,31014,4,30063,6,31094,4,31034,7,30115,6,31084,5,30014,4,30073,10,31024,4,31064,9,30155,6,31054,2
char_1039_thorn2,Thorns the Lodestar,6,30115,4,31044,7,31034,4,31023,3,30054,4,31044,8,30155,6,31054,2,30084,4,30033,7,31064,4,31074,8,30145,6,31014,1,31084,4,31063,4,30044,4,30094,7,30115,6,30014,7
char_1015_aglna2,Angelina the Mellow Wish,6,30145,4,31094,2,31104,4,31043,6,31054,4,30014,10,30165,6,31044,1,31074,4,30023,7,31014,4,31034,7,30115,6,31054,6,31094,4,31103,6,31114,4,31064,9,30155,6,31014,2
char_147_shining,Shining,6,30125,4,30044,5,30104,4,30083,5,30034,4,30014,10,30125,6,30044,4,30014,4,30093,7,30044,4,30024,7,30125,6,30094,5,30024,4,30103,5,30054,4,30034,7,30115,6,30094,6
char_179_cgbird,Nightingale,6,30135,4,30054,6,30014,4,30093,7,30044,4,30024,7,30135,6,30054,5,30024,4,30103,5,30054,4,30034,7,30135,6,30064,4,30034,4,30013,8,30064,3,30044,6,30125,6,30084,5
char_003_kalts,Kal'tsit,6,30145,4,30064,4,30054,4,31013,4,30094,4,30074,9,30115,6,30044,5,30064,3,30043,4,30104,4,30084,7,30135,6,30054,5,30074,4,30053,8,31034,4,31014,8,30145,6,30094,4
char_4042_lumen,Lumen,6,30145,4,30064,5,30084,4,31053,5,30044,4,31024,7,30135,6,30054,5,30094,4,30073,7,30054,4,31054,8,30145,6,30094,4,30104,3,30083,9,30064,3,30044,6,30125,6,30084,5
char_1016_agoat2,Eyjafjalla the Hvít Aska,6,30125,4,30044,5,30014,4,30053,8,30064,4,31034,5,30155,6,30054,4,30094,4,30033,7,30014,4,30054,8,30115,6,31044,6,31044,4,30013,9,31034,4,31014,8,30125,6,30094,5
char_1020_reed2,Reed The Flame Shadow,6,30155,3,30014,9,31054,4,31043,6,30094,4,30014,10,30155,6,30104,4,30044,4,31063,3,31064,4,31014,9,30115,6,30084,6,30074,4,30083,8,31054,4,30064,6,30125,6,31044,5
char_4056_titi,Titi,6,30155,4,30044,2,31024,4,31033,7,31034,4,30044,6,30155,6,31074,2,30054,4,30053,5,31064,4,31054,9,30145,6,31094,1,31084,4,31013,4,30044,4,31014,8,30165,6,30104,1
char_4179_monstr,Mon3tr,6,30145,4,30014,2,31064,4,30013,10,31084,4,31014,9,30135,6,30094,6,30044,4,30093,3,31044,4,31094,9,30155,6,30014,2,31054,4,31023,7,31074,4,30104,7,30145,6,31024,1
char_1052_kalts2,Kal'tsit·Esperanta,6,30115,4,31084,5,30014,4,31033,9,31024,4,30044,7,30155,6,31014,2,31034,4,30053,3,30054,4,31114,7,30145,6,31104,1,31064,4,31013,7,31084,4,31074,8,30165,6,31024,1
char_136_hsguma,Hoshiguma,6,30115,4,30094,5,30024,4,30103,5,30054,4,30034,7,30115,6,30094,6,30034,4,30013,8,30064,3,30044,6,30115,6,30034,6,30044,4,30023,4,30074,4,30054,8,30135,6,30074,7
char_202_demkni,Saria,6,30125,4,30084,5,30034,4,30013,8,30064,3,30044,6,30125,6,30084,5,30044,4,30023,4,30074,4,30054,8,30125,6,30054,5,30054,4,30033,6,30084,4,30064,5,30115,6,30104,6
char_423_blemsh,Blemishine,6,30135,4,30104,7,30094,4,30073,7,30064,3,30044,6,30125,6,30054,5,30014,4,30093,7,30084,4,30064,5,30115,6,31024,6,31014,4,30013,11,30104,4,30084,7,30125,6,31024,5
char_2025_shu,Shu,6,30145,3,31054,6,30094,4,31053,5,31054,4,31064,8,30135,6,31054,6,31054,4,30073,8,30074,4,30044,7,30145,6,30044,3,30014,4,31023,9,31024,4,30014,10,30155,6,30094,4
char_2014_nian,Nian,6,30115,4,31024,7,30094,4,30073,7,31014,4,30014,10,30125,6,31014,6,30104,4,30083,5,30044,4,31024,7,30115,6,31014,7,31024,4,30103,5,30054,4,31014,9,30135,6,31024,6
char_311_mudrok,Mudrock,6,30145,4,31024,5,30084,4,30063,4,30014,4,30094,9,30125,6,31034,4,31034,4,31013,3,31014,4,30014,10,30115,6,31024,6,30104,4,30083,5,30044,4,31024,7,30135,6,31014,6
char_4065_judge,Penance,6,30135,4,30074,8,31024,4,30043,6,31064,4,31044,8,30135,6,30064,4,31014,4,30103,6,30084,4,30104,7,30145,6,31064,4,30044,4,30073,4,30054,4,30084,7,30155,6,31014,4
char_416_zumama,Eunectes,6,30125,4,31014,7,30074,4,30053,8,30044,4,31024,7,30125,6,30094,5,30094,4,30073,7,30064,3,30044,6,30125,6,30054,5,30104,4,30083,5,30084,4,30064,5,30115,6,31024,6
char_4039_horn,Horn,6,30135,4,30044,7,31054,4,30063,5,30084,4,31044,8,30135,6,30104,5,31044,4,31023,7,30094,4,30074,9,30145,6,31014,4,30014,4,30093,7,30104,4,30084,7,30115,6,31054,6
char_1034_jesca2,Jessica the Liberated,6,30145,4,30064,4,30064,3,31063,4,30074,4,31064,8,30115,6,31034,5,30074,4,30083,8,31024,4,30044,7,30135,6,30084,5,31064,4,30063,4,30104,4,30074,9,30145,6,30084,4
char_4194_rmixer,Sankta Miksaparato,6,30135,4,31034,5,31054,4,30053,7,31074,4,30104,7,30115,6,31024,6,31014,4,31013,7,30094,4,31034,7,30135,6,30054,5,31094,4,31093,6,30014,4,31064,10,30155,6,31084,2
char_2026_yu,Yu,6,30135,4,31024,5,30044,4,30103,3,31044,4,30094,8,30135,6,30014,7,31054,4,31043,6,31074,4,30104,7,30155,6,31024,2,31014,4,30023,10,30094,4,31034,7,30145,6,30054,1
char_1044_hsgma2,Hoshiguma the Breacher,6,30165,4,31094,2,31024,4,30043,6,31034,4,30044,6,30165,6,31044,1,30054,4,30013,6,31064,4,31054,9,30115,6,31074,6,31084,4,30093,4,30044,4,31014,8,30135,6,31094,6
char_264_f12yin,Mountain,6,30145,4,31014,8,31024,4,30103,5,30074,4,30054,8,30135,6,30084,5,30044,4,31023,4,30084,4,30064,5,30145,6,30094,4,30054,4,31013,4,30094,4,30074,9,30125,6,30054,5
char_2024_chyue,Chongyue,6,30115,4,31024,5,31014,4,30023,9,30084,4,31034,7,30135,6,31054,6,30104,4,31023,5,30074,4,30044,7,30145,6,31064,4,31064,4,30093,4,31024,4,30064,6,30155,6,30104,4
char_4037_demetr,Bellone,6,30165,4,30044,1,31014,4,30093,7,31094,4,31034,7,30115,6,31044,6,30014,4,31023,9,31024,4,31064,9,30165,6,31074,1,31034,4,30033,4,30054,4,30044,7,30145,6,31094,1
char_172_svrash,SilverAsh,6,30135,4,30074,6,30044,4,30023,4,30074,4,30054,8,30135,6,30074,7,30054,4,30033,6,30084,4,30064,5,30135,6,30024,6,30064,3,30043,4,30094,4,30074,9,30125,6,30024,5
char_293_thorns,Thorns,6,30115,4,30044,6,30054,4,31013,4,31024,4,30104,8,30115,6,30084,6,30074,4,30053,8,30064,3,30044,6,30125,6,30054,5,30094,4,30073,7,30074,4,30054,8,30125,6,30104,5
char_4082_qiubai,Qiubai,6,30145,3,30084,6,30054,4,30103,4,31034,4,30074,8,30145,6,30094,4,31044,4,30073,8,31014,4,30054,8,30155,6,30044,4,30094,3,30053,4,30064,4,31054,6,30115,6,31034,5
char_4182_oblvns,Togawa Sakiko,6,30135,4,30104,7,30104,4,30103,4,31024,4,31084,8,30115,6,30044,5,31034,4,31043,3,30054,4,31044,8,30135,6,31054,6,31064,4,30023,9,31084,4,31074,8,30155,6,31014,2
char_4088_hodrer,Hoederer,6,30145,4,31064,6,31034,4,30013,4,31054,4,30084,8,30125,6,31044,5,31054,4,30073,5,31044,4,31024,8,30135,6,31084,6,31034,4,31013,5,31074,4,31044,8,30145,6,31014,4
char_4145_ulpia,Ulpianus,6,30145,4,31054,2,31014,4,30013,11,30094,4,30084,8,30115,6,31064,6,30104,4,30033,6,31024,4,30044,7,30155,6,31044,2,30054,4,31043,4,30084,4,30064,5,30135,6,31074,6
char_4058_pepe,Pepe,6,30135,4,31074,5,31024,4,30073,7,31034,4,31044,7,30145,6,31054,1,30084,4,31073,4,31064,4,31074,8,30125,6,31014,6,30044,4,30093,3,31044,4,30014,10,30115,6,30104,6
char_1051_headb2,Zima the Raging Tide,6,30115,4,31044,7,31064,4,31063,6,31084,4,31054,8,30145,6,31024,1,30044,4,30103,3,31044,4,31014,9,30165,6,30054,1,31054,4,31043,6,31074,4,30014,10,30115,6,31084,5
char_010_chen,Ch'en,6,30115,4,30074,6,30084,4,30063,4,30014,4,30094,9,30115,6,30074,7,30094,4,30073,7,30024,4,30104,8,30135,6,30034,6,30104,4,30083,5,30024,4,30104,8,30135,6,30044,5
char_4009_irene,Irene,6,30125,4,30104,7,30054,4,31013,4,30014,4,30094,9,30145,6,30044,4,30064,3,30043,4,31014,4,30014,10,30125,6,30064,4,30074,4,30053,8,31024,4,30104,8,30115,6,30044,5
char_4116_blkkgt,Degenbrecher,6,30155,3,30094,7,31024,4,30033,8,30014,4,30074,10,30115,6,30064,4,31074,5,30053,3,30044,4,31034,6,30125,6,31044,5,31064,4,30043,5,30104,4,31024,8,30135,6,31034,5
char_017_huang,Blaze,6,30135,4,30064,6,30064,3,30043,4,30064,3,30044,6,30135,6,30064,4,30074,4,30053,8,30074,4,30054,8,30125,6,30084,5,30084,4,30063,4,30084,4,30064,5,30115,6,30064,4
char_1026_gvial2,Gavial the Invincible,6,30125,4,31014,6,30044,4,31043,3,31044,4,31014,9,30145,6,30014,4,30054,4,31013,4,30014,4,30094,9,30125,6,30064,4,30064,3,30043,4,31014,4,30014,10,30115,6,30044,5
char_350_surtr,Surtr,6,30115,4,30054,5,30084,4,30063,4,30054,4,31014,9,30135,6,30064,4,30104,4,30083,5,30074,4,30054,8,30125,6,30104,5,30014,4,30093,7,30094,4,30074,9,30135,6,31014,6
char_4098_vvana,Viviana,6,30135,4,31014,8,31064,4,30033,6,30074,4,30014,10,30145,6,30054,4,30014,4,30083,8,31014,4,31074,8,30115,6,30074,7,30074,4,30043,8,30094,4,30054,7,30125,6,31074,5
char_1019_siege2,Vina Victoria,6,30145,4,30014,2,30014,4,31033,9,30104,4,31084,7,30145,6,30044,1,31024,4,30053,6,31034,4,31044,7,30115,6,31054,6,30054,4,31013,4,30084,4,30064,5,30135,6,31074,6
char_1050_chen3,Ch'en the Dawnstreak,6,30155,4,31064,3,30054,4,30083,5,31064,4,31044,9,30165,6,30014,1,31084,4,31073,4,30044,4,31074,7,30115,6,31034,5,31044,4,30043,7,31054,4,31094,9,30155,6,31064,2
char_188_helage,Hellagur,6,30125,4,30034,7,30024,4,30103,5,30054,4,30034,7,30135,6,30044,5,30034,4,30013,8,30064,3,30044,6,30125,6,30044,4,30044,4,30023,4,30074,4,30054,8,30125,6,30094,5
char_4121_zuole,Zuo Le,6,30115,4,30074,8,31074,4,30103,4,31034,4,31054,7,30125,6,30104,5,31064,4,30013,7,31064,4,30064,5,30145,6,31084,4,30044,4,31083,3,31054,4,31084,8,30115,6,31054,6
char_485_pallas,Pallas,6,30145,4,30074,6,30094,4,30073,7,31024,4,30104,8,30145,6,30044,4,30014,4,30093,7,30054,4,31014,9,30125,6,31024,5,31014,4,30013,11,30064,3,30044,6,30115,6,31014,7
char_1014_nearl2,Nearl the Radiant Knight,6,30115,4,31014,8,30044,4,31043,3,31044,4,31014,9,30115,6,31024,6,30054,4,31013,4,30014,4,30094,9,30135,6,31014,6,30064,3,30043,4,31014,4,30014,10,30145,6,30014,4
char_4011_lessng,Lessing,6,30145,4,31084,5,31084,4,30023,7,30054,4,31014,9,30135,6,30084,6,31054,4,30083,7,30084,4,31044,8,30145,6,31014,4,30054,4,31063,5,31074,4,31084,8,30155,6,30054,4
char_1032_excu2,Executor the Ex Foedere,6,30155,3,31014,7,30054,4,30043,5,31034,4,30014,9,30145,6,30104,4,31024,4,31023,7,30104,4,31044,8,30155,6,30064,3,31054,4,30073,8,30044,4,30094,7,30115,6,31024,6
char_4010_etlchi,Entelechia,6,30145,4,30054,2,31084,4,31053,4,30044,4,31014,8,30145,6,30094,1,31044,4,30063,5,31054,4,30014,10,30115,6,30104,6,31074,4,30073,7,31014,4,31024,9,30135,6,31034,5
char_4064_mlynar,Młynar,6,30135,4,31024,5,30104,3,30083,9,30064,3,30044,6,30115,6,30074,7,31034,4,31013,3,30074,4,30054,8,30135,6,30104,5,31054,4,30063,5,30084,4,31044,8,30145,6,31034,4
char_1043_leizi2,Leizi the Thunderbringer,6,30145,4,31014,8,31054,4,31083,5,31074,4,30104,7,30135,6,31024,6,31014,4,30083,8,31094,4,31034,7,30155,6,30054,2,30014,4,31073,7,30104,4,31064,8,30145,6,31084,1
char_4214_cairn,Cairn,5,30014,9,31013,11,31084,3,31093,2,31034,3,30044,4,30165,4,31054,1,31044,3,31053,3,31064,3,31054,6,30115,4,31014,5,,,,,,,,,,,,
char_230_savage,Savage,5,30014,9,30023,18,30074,3,30053,5,30094,3,30074,6,30115,4,30104,4,30084,3,30063,2,30104,3,30084,5,30125,4,30024,4,,,,,,,,,,,,
char_137_brownb,Beehunter,4,30023,19,30103,7,30074,1,30053,4,30094,2,30074,3,30135,2,30014,2,30084,1,30063,3,30104,2,30084,2,30115,2,30074,2,,,,,,,,,,,,
char_347_jaksel,Jackie,4,30013,19,30073,12,31014,1,30013,6,30014,2,30094,3,30125,2,31034,2,31024,1,30103,3,31034,2,31014,2,30115,2,31024,2,,,,,,,,,,,,
char_164_nightm,Nightmare,5,30024,7,30083,14,30084,3,30063,2,30104,3,30084,5,30115,4,30074,5,30094,3,30073,4,30014,3,30094,6,30125,4,30034,4,,,,,,,,,,,,
char_220_grani,Grani,5,30104,7,30043,13,30064,2,30043,3,30084,3,30064,4,30135,4,30074,5,30074,3,30053,5,30094,3,30074,6,30115,4,30104,4,,,,,,,,,,,,
char_263_skadi,Skadi,6,30135,4,30014,9,30074,4,30053,8,30104,4,30084,7,30135,6,30014,7,30084,4,30063,4,30014,4,30094,9,30125,6,30014,6,30094,4,30073,7,30024,4,30104,8,30125,6,30034,5
char_1001_amiya2,Amiya (Guard),5,30014,10,30073,10,31034,4,31013,4,31024,4,30104,5,30145,4,30074,4,30054,4,31013,4,31034,4,31014,5,30145,4,30064,4,,,,,,,,,,,,
char_1037_amiya3,Amiya (Medic),5,30014,10,30073,10,31034,3,31073,1,31064,3,30084,5,30115,4,31054,4,30074,3,30033,6,31044,3,31034,5,30125,4,31024,4,,,,,,,,,,,,
char_4237_jcinta,Jacinta,5,31044,7,30073,20,31044,3,31113,3,30054,3,31104,5,30165,4,30014,1,31054,3,31053,3,31084,3,31074,5,30115,4,31034,3,,,,,,,,,,,,
char_4236_tmslot,Timeslot,5,30044,7,30063,9,30054,3,31013,2,31114,3,31064,6,30155,4,31054,1,31084,3,31093,2,31024,3,30044,5,30145,4,31094,1,,,,,,,,,,,,
char_4235_thumpy,Thumpy,6,30155,4,31074,2,31034,4,30033,4,30054,4,31104,8,30115,6,31024,6,31064,4,31063,6,31084,4,31074,8,30155,6,30054,2,30044,4,30103,3,31044,4,31094,9,30145,6,31084,1
